https://v.douyin.com/Lg5HxvIES9Q/,https://www.douyin.com/video/7616713771814758821
https://v.douyin.com/iBTpTV54Q6Y/,https://www.douyin.com/video/7631171683240869620
https://v.douyin.com/QWE-_3BVOEQ/,https://www.douyin.com/video/7631399215763180819
https://v.douyin.com/whR5fU_fZwA/,https://www.douyin.com/video/7629950241671875890
https://v.douyin.com/57URNz1Gp5I/,https://www.douyin.com/video/7629782677985529088
https://v.douyin.com/0ws1b1r_RWU/,https://www.douyin.com/video/7628052918628846898
https://v.douyin.com/SGg4fi-0-Jc/,https://www.douyin.com/video/7631863421247540522
https://v.douyin.com/_yTylHjGkRU/,https://www.douyin.com/video/7631214991525367090
https://v.douyin.com/7uOUy0b_An0/,https://www.douyin.com/video/7630754303115906338
https://v.douyin.com/winx4dVqE8M/,https://www.douyin.com/video/7630693097608875327
https://v.douyin.com/dofmEQZkGug/,https://www.douyin.com/video/7630805993793916198
https://v.douyin.com/UZf0gmW7l_g/,https://www.douyin.com/video/7632961417318075698
https://v.douyin.com/WYrwiRIXJtY/,https://www.douyin.com/video/7633333184360385801
https://v.douyin.com/f9vv-Yqi4bk/,https://www.douyin.com/video/7633417894373690675
https://v.douyin.com/9UYyVaoP0ic/,https://www.douyin.com/video/7632306074581830912
https://v.douyin.com/nqUjiJc3Egw/,https://www.douyin.com/video/7632254733805260067
https://v.douyin.com/DC4otN_ULcM/,https://www.douyin.com/video/7631795632058944794
https://v.douyin.com/zFauU4QXf4Q/,https://www.douyin.com/video/7633767499107994899
https://v.douyin.com/247u4W9GAUQ/,https://www.douyin.com/video/7631889662356802825
https://v.douyin.com/ynczf5ZCXQU/,https://www.douyin.com/video/7633830999943580970
https://v.douyin.com/jMmOWH1FTiM/,https://www.douyin.com/video/7633797382916456313
https://v.douyin.com/Btam_QFOQqc/,https://www.douyin.com/video/7633417211557858560
https://v.douyin.com/JDAt4Z4Ch0w/,https://www.douyin.com/video/7633996846913932571
https://v.douyin.com/GYFIAF57UWA/,https://www.douyin.com/video/7634119964617674022
https://v.douyin.com/QPUHKRq1IQY/,https://www.douyin.com/video/7633610315980098850
https://v.douyin.com/HmgYawOHirw/,https://www.douyin.com/video/7634150405689068846
https://v.douyin.com/AYKzLXW-p4Q/,https://www.douyin.com/video/7634065640169409189
https://v.douyin.com/zy8J_zxu1HA/,https://www.douyin.com/video/7636571842840737627
https://v.douyin.com/O06feXv5zYU/,https://www.douyin.com/video/7636269230408682771
https://v.douyin.com/-Xzgk2WRw7A/,https://www.douyin.com/video/7634406005362740480
https://v.douyin.com/UlXbrRUkoKI/,https://www.douyin.com/video/7635632655031910842
https://v.douyin.com/RrNLQwxY50U/,https://www.douyin.com/video/7635385862527683850
https://v.douyin.com/cIrIM84QVkI/,https://www.douyin.com/video/7637093989396647204
https://v.douyin.com/songZSorw6g/,https://www.douyin.com/video/7637085975834922294
https://v.douyin.com/avzvyZdG_ws/,https://www.douyin.com/video/7637180642140179718
https://v.douyin.com/5SjoTzEr90o/,https://www.douyin.com/video/7636600547163884840
https://v.douyin.com/FHEPcjYvPuo/,https://www.douyin.com/video/7635218473966112009
https://v.douyin.com/uQurYPMxBYs/,https://www.douyin.com/video/7630682394466553088
https://v.douyin.com/VHihCzySdDM/,https://www.douyin.com/video/7638516710215126287
https://v.douyin.com/5__gLK-aOtQ/,https://www.douyin.com/video/7591810300182023434
https://v.douyin.com/Ni3cFbBcnxM/,https://www.douyin.com/video/7640798403534411689
https://v.douyin.com/Bh9vOtmIIPc/,https://www.douyin.com/video/7637080847639678259
https://v.douyin.com/YQMWH6uNfJg/,https://www.douyin.com/video/7616688964463807787
https://v.douyin.com/GpPjlSS8I9o/,https://www.douyin.com/video/7640736693355646223
https://v.douyin.com/8CLVWtoLQ4o/,https://www.douyin.com/video/7641487458550566163
https://v.douyin.com/WPbhxb1DtzQ/,https://www.douyin.com/video/7640798680430180714
https://v.douyin.com/kud2UCbLGJQ/,https://www.douyin.com/video/7639690452538937571
https://v.douyin.com/yz0TkqnRp8k/,https://www.douyin.com/video/7640044607778082100
https://v.douyin.com/qjR793vZcq4/,https://www.douyin.com/video/7641766829823708450
https://v.douyin.com/Y8TGzORvj8k/,https://www.douyin.com/video/7641489860095659300
https://v.douyin.com/9smCsXkTYDU/,https://www.douyin.com/video/7636756109396031653
https://v.douyin.com/TNundPq47q4/,https://www.douyin.com/video/7582234268761001275
https://v.douyin.com/g01UHSwpylI/,https://www.douyin.com/video/7626716364207574308
https://v.douyin.com/we6cXup2abM/,https://www.douyin.com/video/7642110674190186681
https://v.douyin.com/UdkIPmfqQ70/,https://www.douyin.com/video/7640749445324646633
https://v.douyin.com/fQmzfjtLJHo/,https://www.douyin.com/video/7641956473634884916
https://v.douyin.com/9Y4dYnmgTbY/,https://www.douyin.com/video/7612120453101254009
https://v.douyin.com/swDdA-HlBIQ/,https://www.douyin.com/video/7641198466227506470
https://v.douyin.com/wvs9qIDaqlc/,https://www.douyin.com/video/7643395968540478747
https://v.douyin.com/10Qs2U7tDt8/,https://www.douyin.com/video/7617070057386036495
https://v.douyin.com/Td-NOhHANt0/,https://www.douyin.com/video/7630034755773304099
https://v.douyin.com/GPkrVTIpf6U/,https://www.douyin.com/video/7566584278721514793
https://v.douyin.com/KrbSuuyweIg/,https://www.douyin.com/video/7643815991676243057
https://v.douyin.com/pbBspPJvdOc/,https://www.douyin.com/video/7642555441016261940
https://v.douyin.com/RMRaBeWAnDo/,https://www.douyin.com/video/7641563603266548923
https://v.douyin.com/n9ZfAimE4do/,https://www.douyin.com/video/7537246545041689892
https://v.douyin.com/YE3NO5Gzhc4/,https://www.douyin.com/video/7571114282528607522
https://v.douyin.com/nHz6_DicZvQ/,https://www.douyin.com/video/7620321044259261747
https://v.douyin.com/a-_nv5Q4PA8/,https://www.douyin.com/video/7618257405050162451
https://v.douyin.com/sivIVUuNkN8/,https://www.douyin.com/video/7643728356281699638
https://v.douyin.com/mQoLu6wKJsU/,https://www.douyin.com/video/7596801132844846363
https://v.douyin.com/s8eCmLqLH3M/,https://www.douyin.com/video/7571238106096045363
https://v.douyin.com/5VSErgTpHU4/,https://www.douyin.com/video/7615951177482921893
https://v.douyin.com/c4x-7HEbdOg/,https://www.douyin.com/video/7643025229359545289
https://v.douyin.com/LfTn5u_bJIA/,https://www.douyin.com/video/7616249451740482866
https://v.douyin.com/GhbxYb-p0go/,https://www.douyin.com/video/7644179413592432049
https://v.douyin.com/RHF4zEUXZ3I/,https://www.douyin.com/video/7573891146934422811
https://v.douyin.com/ypN_9A9GBOo/,https://www.douyin.com/video/7594812359332482358
https://v.douyin.com/Cdf8rDf_bQE/,https://www.douyin.com/video/7534266009717361970
https://v.douyin.com/OweAqWvjETk/,https://www.douyin.com/video/7645580007825247540
https://v.douyin.com/zyFM_sdDGYc/,https://www.douyin.com/video/7645405770414181683
https://v.douyin.com/9Ur7IoSM4r4/,https://www.douyin.com/video/7646711386818546984
https://v.douyin.com/8GDAzzg7oYg/,https://www.douyin.com/video/7598499893895777574
https://v.douyin.com/PXeOt-yBVz8/,https://www.douyin.com/video/7584330691924561171
https://v.douyin.com/329T-XMZcEU/,https://www.douyin.com/video/7646772236289360249
https://v.douyin.com/5aaCh9YosNg/,https://www.douyin.com/video/7641156058060806001
https://v.douyin.com/-xs_VpLjiDA/,https://www.douyin.com/video/7638627098873072937
https://v.douyin.com/8t_-MUfdeXs/,https://www.douyin.com/video/7647152587388538148
https://v.douyin.com/s2r83pJ8DyM/,https://www.douyin.com/video/7646407471690435886
https://v.douyin.com/6Fkk-_17G9c/,https://www.douyin.com/video/7647471646814588169
https://v.douyin.com/ei5Nr1djG4s/,https://www.douyin.com/video/7646384254565272859
https://v.douyin.com/AnW3ogPbQv8/,https://www.douyin.com/video/7646615596699864347
https://v.douyin.com/TMW0wUCfi5E/,https://www.douyin.com/video/7646323150623383222
https://v.douyin.com/PcdCRH9Ddyc/,https://www.douyin.com/video/7646757529037465061
https://v.douyin.com/h_ejy85BceQ/,https://www.douyin.com/video/7648314929254059273
https://v.douyin.com/ODairAla4j8/,https://www.douyin.com/video/7594397554515643674
https://v.douyin.com/7PfzHxkt8J4/,https://www.douyin.com/video/7647300281810561265
https://v.douyin.com/YYdCPaeMpZU/,https://www.douyin.com/video/7174230193207266568
https://v.douyin.com/xFtgOAHkxto/,https://www.douyin.com/video/7637787134157519012
https://v.douyin.com/J8tF-EqpHFo/,https://www.douyin.com/video/7646638009441455375
https://v.douyin.com/UhPlwH3Ho-o/,https://www.douyin.com/video/7649002548972345969
https://v.douyin.com/I8Vr92WhSWo/,https://www.douyin.com/video/7648527093180943635
https://v.douyin.com/4pFWYxzil6Y/,https://www.douyin.com/video/7581411332671491347
https://v.douyin.com/-2e4L9vJf_U/,https://www.douyin.com/video/7649342897933782318
https://v.douyin.com/L-CBTbJXbdk/,https://www.douyin.com/video/7566829475376188672
https://v.douyin.com/ObxGimjVqFw/,https://www.douyin.com/video/7648473479833980198
https://v.douyin.com/5YvH0VTgrBI/,https://www.douyin.com/video/7649791766144584994
https://v.douyin.com/FLDCAXlyEDs/,https://www.douyin.com/video/7649751382035139891
https://v.douyin.com/U_oT_NU991A/,https://www.douyin.com/video/7648208018513861029
https://v.douyin.com/jginx3E6lXs/,https://www.douyin.com/video/7648172983860661538
https://v.douyin.com/K6Ld75kkCs4/,https://www.douyin.com/video/7640496849622748457
https://v.douyin.com/dr2hWVrhuco/,https://www.douyin.com/video/7631148218079776063
https://v.douyin.com/dgDkhSK4uHM/,https://www.douyin.com/video/7648656168860028166
https://v.douyin.com/aKoT98DM59U/,https://www.douyin.com/video/7615960645946690857
https://v.douyin.com/xCWmGuJ_XU8/,https://www.douyin.com/video/7627519742756080936
https://v.douyin.com/k2PJ9yoz0AQ/,https://www.douyin.com/video/7621451829066337574
https://v.douyin.com/NaBZuaV7xJY/,https://www.douyin.com/video/7650315317339866609
https://v.douyin.com/VZbyfnrD2ok/,https://www.douyin.com/video/7651219244746640659
https://v.douyin.com/x35_3hykWoQ/,https://www.douyin.com/video/7123028841827716382
https://v.douyin.com/BJpkgo8i_bU/,https://www.douyin.com/video/7620695566946700580
https://v.douyin.com/wPgY6z67tCg/,https://www.douyin.com/video/7569885457429892403
https://v.douyin.com/3FHF2kNzTpI/,https://www.douyin.com/video/7638961996855086355
https://v.douyin.com/3wMyC08iYbw/,https://www.douyin.com/video/7651596153284218122
https://v.douyin.com/ChBToXz46Xk/,https://www.douyin.com/video/7594773444361751842
https://v.douyin.com/Eth-dTGmvKQ/,https://www.douyin.com/video/7616249451740482866
https://v.douyin.com/rW1aHVe_S6A/,https://www.douyin.com/video/7651937722768051502
https://v.douyin.com/z7NqnXkpd3c/,https://www.douyin.com/video/7647165081762975019
https://v.douyin.com/1_k4_KuOsOk/,https://www.douyin.com/video/7582905071478918454
https://v.douyin.com/PRwDjjguO88/,https://www.douyin.com/video/7652144824887627365
https://v.douyin.com/e4Bgr1Br_x4/,https://www.douyin.com/video/7651976666390007040
https://v.douyin.com/IIBCgkfP9wA/,https://www.douyin.com/video/7596655782842682662
https://v.douyin.com/egPlQ3r5zRU/,https://www.douyin.com/video/7653395844061728052
https://v.douyin.com/_knx71x4AzI/,https://www.douyin.com/video/7653362136386686244
https://v.douyin.com/hboM9HwmfCo/,https://www.douyin.com/video/7654057391700838586
https://v.douyin.com/R1OE5nNW574/,https://www.douyin.com/video/7654187186606165294
https://v.douyin.com/CSYthN3_sag/,https://www.douyin.com/video/7654160565195132223
https://v.douyin.com/gPYxD0vR7S4/,https://www.douyin.com/video/7654217716928220452
https://v.douyin.com/3P3NXl07YAE/,https://www.douyin.com/video/7649732215013723398
https://v.douyin.com/xozqRPBmUQw/,https://www.douyin.com/video/7633049188532893690
https://v.douyin.com/BCtn4-05q-k/,https://www.douyin.com/video/7486783362649034023
https://v.douyin.com/neYQNPHqR5c/,https://www.douyin.com/video/7412522067679022346
https://v.douyin.com/OMICKU6Tx-c/,https://www.douyin.com/video/7588464378032593507
https://v.douyin.com/7U3yTCBsv8E/,https://www.douyin.com/video/7653891240382975241
https://v.douyin.com/px0ulo0u_7k/,https://www.douyin.com/video/7654441277504687410
https://v.douyin.com/NEQbZbkpwPM/,https://www.douyin.com/video/7653024357534403874
https://v.douyin.com/Sn802ztxRx8/,https://www.douyin.com/video/7626991638958656794
https://v.douyin.com/icxGEEWWqGw/,https://www.douyin.com/video/7518425417742077244
https://v.douyin.com/UzET8GqqpAI/,https://www.douyin.com/video/7652661512456162587
https://v.douyin.com/84EK7tuHabc/,https://www.douyin.com/video/7656787239791250730
https://v.douyin.com/WdZh-bE4TxA/,https://www.douyin.com/video/7655903826356014386
https://v.douyin.com/AzorxLKhP-Y/,https://www.douyin.com/video/7651228730500680987
https://v.douyin.com/41EQsFSU4Zw/,https://www.douyin.com/video/7655208716627658361
https://v.douyin.com/UVvWCJOgd8s/,https://www.douyin.com/video/7648939337149922993
https://v.douyin.com/gLHSAmkVA2I/,https://www.douyin.com/video/7623789787891240201
https://v.douyin.com/RBBa0SHu91I/,https://www.douyin.com/video/7656813767023414579
https://v.douyin.com/hpvvFKPKvL4/,https://www.douyin.com/video/7656027969348996404
https://v.douyin.com/RnR9rg2mBGY/,https://www.douyin.com/video/7656662407112084770
https://v.douyin.com/m1oT6bju53c/,https://www.douyin.com/video/7651588380781727019
https://v.douyin.com/u4HuPzDsK4o/,https://www.douyin.com/video/7657466396558429449
https://v.douyin.com/YalNgVLEPgw/,https://www.douyin.com/video/7657441407779461055
https://v.douyin.com/nRoe2znMpcE/,https://www.douyin.com/video/7657596197078699318
https://v.douyin.com/IBtxk_18uWg/,https://www.douyin.com/video/7655298229797539106
https://v.douyin.com/ZZ8uCV_3tFY/,https://www.douyin.com/video/7656774184886895707
https://v.douyin.com/FxRI_dd_Nlc/,https://www.douyin.com/video/7657844387224800522
https://v.douyin.com/RlQAUI745Zg/,https://www.douyin.com/video/7657893840569774577
https://v.douyin.com/rADrGVhNbL4/,https://www.douyin.com/video/7656781947317841329
https://v.douyin.com/igfv82ZN8ak/,https://www.douyin.com/video/7656731182075284799
https://v.douyin.com/unVKv-COrJI/,https://www.douyin.com/video/7656702104689528074
https://v.douyin.com/y0DEJGxjU0k/,https://www.douyin.com/video/7658496074411281679
https://v.douyin.com/CLCT44nqtnw/,https://www.douyin.com/video/7658280686163814883
https://v.douyin.com/3zPtpMHRmOY/,https://www.douyin.com/video/7655539890831455397
https://v.douyin.com/OrwcWPCPWlM/,https://www.douyin.com/video/7657833356402462003
https://v.douyin.com/9xcSnmuwbMY/,https://www.douyin.com/video/7657808510041722146
https://v.douyin.com/9EXIk-xID6U/,https://www.douyin.com/video/7657896848849456384
https://v.douyin.com/97VDjtmzywM/,https://www.douyin.com/video/7659598882199833906
https://v.douyin.com/rWG5E-zQnW0/,https://www.douyin.com/video/7657172887350021416
https://v.douyin.com/9TD8yjfDS0o/,https://www.douyin.com/video/7658237705255537958
https://v.douyin.com/NlWwVVCy8DQ/,https://www.douyin.com/video/7658239528284474670
https://v.douyin.com/3gy4y8RQtCU/,https://www.douyin.com/video/7659639069739126054
https://v.douyin.com/RfHiSQFhtqQ/,https://www.douyin.com/video/7659647630208732443
https://v.douyin.com/eDK9CHh0Lng/,https://www.douyin.com/video/7647900693885547237
https://v.douyin.com/I-fi81ALrcI/,https://www.douyin.com/video/7654167930183109903
https://v.douyin.com/033A1Li7-ws/,https://www.douyin.com/video/7659771313552133430
https://v.douyin.com/PA1jcUQBJps/,https://www.douyin.com/video/7660011136448198821
https://v.douyin.com/gCJzdcr1mAQ/,https://www.douyin.com/video/7657843904057822474
https://v.douyin.com/EOeNIAlSnrU/,https://www.douyin.com/video/7659382884574416182
https://v.douyin.com/GqpWkP97H8w/,https://www.douyin.com/video/7660520289693050361
https://v.douyin.com/QJrdxNFi8eM/,https://www.douyin.com/video/7660112789725400363
https://v.douyin.com/KUjhCQlNdy0/,https://www.douyin.com/video/7653245224675740969
https://v.douyin.com/kR2SR2Od0RI/,https://www.douyin.com/video/7588464378032593507
https://v.douyin.com/9Zn1SK2WM7c/,https://www.douyin.com/video/7661541252814392586
https://v.douyin.com/FOHNQeheIKo/,https://www.douyin.com/video/7630370792538246409
https://v.douyin.com/ML_Rdx05cO4/,https://www.douyin.com/video/7661813591289770490
https://v.douyin.com/G8MuMi7pf8s/,https://www.douyin.com/video/7661190007226633535
https://v.douyin.com/K6m2mTBbRtg/,https://www.douyin.com/video/7660462463267261711
https://v.douyin.com/ojR6a5WFeNs/,https://www.douyin.com/video/7661151333084433691
https://v.douyin.com/Ije6e4OBarQ/,https://www.douyin.com/video/7662026386103099313
https://v.douyin.com/eUevtdoE3XE/,https://www.douyin.com/video/7621168253888800874
https://v.douyin.com/-UIN0bZX5ls/,https://www.douyin.com/video/7631183315533319459
https://v.douyin.com/8SksuiLF9RQ/,https://www.douyin.com/video/7523128994271661363
https://v.douyin.com/t62nav0oCes/,https://www.douyin.com/video/7662343843794128180
https://v.douyin.com/oYFD-EqoTYQ/,https://www.douyin.com/video/7662718510404996358
https://v.douyin.com/WNPz1zN4_M4/,https://www.douyin.com/video/7662909526605155594
https://v.douyin.com/Q8W711Ucdvc/,https://www.douyin.com/video/7536897078623014182
https://v.douyin.com/pNlm7Bjfk18/,https://www.douyin.com/video/7657023198189489460
https://v.douyin.com/IjRWfKhHuKw/,https://www.douyin.com/video/7457108857127521588
https://v.douyin.com/Sp-y3Bpdj74/,https://www.douyin.com/video/7663334921850670363
https://v.douyin.com/ZR5Gk60dEJo/,https://www.douyin.com/video/7661807173961370931
https://v.douyin.com/gLRBTqbtH70/,https://www.douyin.com/video/7637080847639678259
https://v.douyin.com/05qieX8280Q/,https://www.douyin.com/video/7622962328568466698
https://v.douyin.com/Vj-I4oFbO7c/,https://www.douyin.com/video/7654386526335323434
