variant,stage,scope,dimension,srcc,plcc,mse,mae
a1_original,stage1,aesthetic_branch,model_output,0.24045233418186043,0.24700396404838332,0.04459434375166893,0.17292778193950653
a1_original,stage2,aesthetic_branch,model_output,0.2783642183553374,0.27953588991446676,0.03892481327056885,0.15762490034103394
a1_original,raw_feature,prompt_dimension,clarity,-0.11477733570775527,-0.10956441178602709,,
a1_original,raw_feature,prompt_dimension,cleanliness,0.08065989988446878,0.09842285397164492,,
a1_original,raw_feature,prompt_dimension,composition,-0.13675091415065355,-0.15377889957669247,,
a1_original,raw_feature,prompt_dimension,appeal,-0.043233376257061376,-0.02067563147360833,,
a1_original,raw_feature,prompt_dimension,lighting,-0.3022417424003074,-0.2330950940955153,,
a1_original,raw_feature,prompt_dimension,text_readability,-0.19116443943269187,-0.17503598558887332,,
a1_original,raw_feature,prompt_dimension,professional,-0.07855860558220186,-0.0976507728905877,,
a2_domain_semantic,stage1,aesthetic_branch,model_output,0.2420429483445165,0.24787983820216192,0.044478029012680054,0.17309144139289856
a2_domain_semantic,stage2,aesthetic_branch,model_output,0.30192687561231085,0.2913760256894175,0.04022425785660744,0.1609112024307251
a2_domain_semantic,raw_feature,prompt_dimension,composition,-0.073884722214541,-0.07355537824819225,,
a2_domain_semantic,raw_feature,prompt_dimension,color_harmony,0.09186485589390742,0.04888626649426083,,
a2_domain_semantic,raw_feature,prompt_dimension,lighting,-0.03298844733475641,-0.10398308249439112,,
a2_domain_semantic,raw_feature,prompt_dimension,visual_hierarchy,0.038060345854684305,-0.0278609086344577,,
a2_domain_semantic,raw_feature,prompt_dimension,visual_presentation,-0.06744798689106749,-0.08845547887696012,,
a2_domain_semantic,raw_feature,prompt_dimension,visual_refinement,-0.008121633547394024,0.0015638201771752062,,
a2_domain_semantic,raw_feature,prompt_dimension,visual_appeal,0.04413961417822448,0.030172487265042923,,
