stage,metric,a1_original,a2_domain_semantic,delta_a2_minus_a1
stage1,aes_srcc,0.24045233418186043,0.2420429483445165,0.0015906141626560732
stage1,aes_plcc,0.24700396404838332,0.24787983820216192,0.0008758741537785997
stage1,aes_mse,0.04459434375166893,0.044478029012680054,-0.00011631473898887634
stage1,aes_mae,0.17292778193950653,0.17309144139289856,0.0001636594533920288
stage1,auc,0.739057239057239,0.7410774410774411,0.0020202020202021442
stage1,pr_auc,0.42853934988840575,0.429472815719342,0.0009334658309362309
stage1,accuracy,0.2682926829268293,0.2682926829268293,0.0
stage1,f1,0.4230769230769231,0.4230769230769231,0.0
stage1,overall_srcc,0.37431905573133023,0.3773458504046732,0.003026794673342992
stage1,science_weight,0.32848334312438965,0.32846930623054504,-1.4036893844604492e-05
stage1,technical_weight,0.3313707411289215,0.331407755613327,3.701448440551758e-05
stage1,aesthetic_weight,0.34014591574668884,0.3401229679584503,-2.294778823852539e-05
stage2,aes_srcc,0.2783642183553374,0.30192687561231085,0.02356265725697343
stage2,aes_plcc,0.27953588991446676,0.2913760256894175,0.011840135774950744
stage2,aes_mse,0.03892481327056885,0.04022425785660744,0.0012994445860385895
stage2,aes_mae,0.15762490034103394,0.1609112024307251,0.003286302089691162
stage2,auc,0.8114478114478114,0.8144781144781145,0.00303030303030305
stage2,pr_auc,0.6522443233493807,0.6430488094721403,-0.00919551387724038
stage2,accuracy,0.8130081300813008,0.7723577235772358,-0.04065040650406504
stage2,f1,0.6229508196721312,0.6410256410256411,0.018074821353509907
stage2,overall_srcc,0.45475465327087955,0.4648712078216317,0.010116554550752166
stage2,science_weight,0.5903893113136292,0.5977628231048584,0.007373511791229248
stage2,technical_weight,0.20481693744659424,0.2011280506849289,-0.0036888867616653442
stage2,aesthetic_weight,0.2047937661409378,0.2011091709136963,-0.003684595227241516
