analysis,left,right,metric,value
a1_a2_matrix,a1_original:clarity,a1_original:clarity,plcc,1.0
a1_a2_matrix,a1_original:clarity,a1_original:cleanliness,plcc,0.3071127714328315
a1_a2_matrix,a1_original:clarity,a1_original:composition,plcc,0.2691119486796506
a1_a2_matrix,a1_original:clarity,a1_original:appeal,plcc,0.22385164668530405
a1_a2_matrix,a1_original:clarity,a1_original:lighting,plcc,0.09550930787210785
a1_a2_matrix,a1_original:clarity,a1_original:text_readability,plcc,0.23476356449523483
a1_a2_matrix,a1_original:clarity,a1_original:professional,plcc,0.1815809382280091
a1_a2_matrix,a1_original:clarity,a2_domain_semantic:composition,plcc,0.2325930611157581
a1_a2_matrix,a1_original:clarity,a2_domain_semantic:color_harmony,plcc,0.0938423770015644
a1_a2_matrix,a1_original:clarity,a2_domain_semantic:lighting,plcc,0.2844579649448023
a1_a2_matrix,a1_original:clarity,a2_domain_semantic:visual_hierarchy,plcc,0.11394530299390883
a1_a2_matrix,a1_original:clarity,a2_domain_semantic:visual_presentation,plcc,-0.21152520306467146
a1_a2_matrix,a1_original:clarity,a2_domain_semantic:visual_refinement,plcc,0.30691452158521604
a1_a2_matrix,a1_original:clarity,a2_domain_semantic:visual_appeal,plcc,0.1055826560024181
a1_a2_matrix,a1_original:cleanliness,a1_original:clarity,plcc,0.3071127714328315
a1_a2_matrix,a1_original:cleanliness,a1_original:cleanliness,plcc,1.0
a1_a2_matrix,a1_original:cleanliness,a1_original:composition,plcc,-0.284230135800231
a1_a2_matrix,a1_original:cleanliness,a1_original:appeal,plcc,0.32569942570322624
a1_a2_matrix,a1_original:cleanliness,a1_original:lighting,plcc,0.08059573400408873
a1_a2_matrix,a1_original:cleanliness,a1_original:text_readability,plcc,0.4483720163089418
a1_a2_matrix,a1_original:cleanliness,a1_original:professional,plcc,0.29397684686780184
a1_a2_matrix,a1_original:cleanliness,a2_domain_semantic:composition,plcc,0.36687317360812866
a1_a2_matrix,a1_original:cleanliness,a2_domain_semantic:color_harmony,plcc,0.3137661688888212
a1_a2_matrix,a1_original:cleanliness,a2_domain_semantic:lighting,plcc,0.3552341401763374
a1_a2_matrix,a1_original:cleanliness,a2_domain_semantic:visual_hierarchy,plcc,0.23314274247403904
a1_a2_matrix,a1_original:cleanliness,a2_domain_semantic:visual_presentation,plcc,-0.13413694950814894
a1_a2_matrix,a1_original:cleanliness,a2_domain_semantic:visual_refinement,plcc,0.6495477433644159
a1_a2_matrix,a1_original:cleanliness,a2_domain_semantic:visual_appeal,plcc,0.35138715223072176
a1_a2_matrix,a1_original:composition,a1_original:clarity,plcc,0.26911194867965055
a1_a2_matrix,a1_original:composition,a1_original:cleanliness,plcc,-0.28423013580023093
a1_a2_matrix,a1_original:composition,a1_original:composition,plcc,1.0
a1_a2_matrix,a1_original:composition,a1_original:appeal,plcc,-0.16259110727912185
a1_a2_matrix,a1_original:composition,a1_original:lighting,plcc,0.13770137486542802
a1_a2_matrix,a1_original:composition,a1_original:text_readability,plcc,-0.03631934334996218
a1_a2_matrix,a1_original:composition,a1_original:professional,plcc,-0.24909862517085393
a1_a2_matrix,a1_original:composition,a2_domain_semantic:composition,plcc,-0.19954859114187512
a1_a2_matrix,a1_original:composition,a2_domain_semantic:color_harmony,plcc,-0.2812746146542153
a1_a2_matrix,a1_original:composition,a2_domain_semantic:lighting,plcc,-0.17491569732908088
a1_a2_matrix,a1_original:composition,a2_domain_semantic:visual_hierarchy,plcc,-0.08356157223880538
a1_a2_matrix,a1_original:composition,a2_domain_semantic:visual_presentation,plcc,-0.16409652481921932
a1_a2_matrix,a1_original:composition,a2_domain_semantic:visual_refinement,plcc,-0.25832375147274855
a1_a2_matrix,a1_original:composition,a2_domain_semantic:visual_appeal,plcc,-0.37370755946184187
a1_a2_matrix,a1_original:appeal,a1_original:clarity,plcc,0.223851646685304
a1_a2_matrix,a1_original:appeal,a1_original:cleanliness,plcc,0.3256994257032263
a1_a2_matrix,a1_original:appeal,a1_original:composition,plcc,-0.16259110727912185
a1_a2_matrix,a1_original:appeal,a1_original:appeal,plcc,1.0
a1_a2_matrix,a1_original:appeal,a1_original:lighting,plcc,0.16367153980772464
a1_a2_matrix,a1_original:appeal,a1_original:text_readability,plcc,0.13132693457397118
a1_a2_matrix,a1_original:appeal,a1_original:professional,plcc,0.15133310050667365
a1_a2_matrix,a1_original:appeal,a2_domain_semantic:composition,plcc,0.43231020629987127
a1_a2_matrix,a1_original:appeal,a2_domain_semantic:color_harmony,plcc,0.35185893525796447
a1_a2_matrix,a1_original:appeal,a2_domain_semantic:lighting,plcc,0.5630854495620992
a1_a2_matrix,a1_original:appeal,a2_domain_semantic:visual_hierarchy,plcc,0.21480799645351592
a1_a2_matrix,a1_original:appeal,a2_domain_semantic:visual_presentation,plcc,0.028958251338521125
a1_a2_matrix,a1_original:appeal,a2_domain_semantic:visual_refinement,plcc,0.47128078037682614
a1_a2_matrix,a1_original:appeal,a2_domain_semantic:visual_appeal,plcc,0.5650108205811866
a1_a2_matrix,a1_original:lighting,a1_original:clarity,plcc,0.09550930787210785
a1_a2_matrix,a1_original:lighting,a1_original:cleanliness,plcc,0.08059573400408873
a1_a2_matrix,a1_original:lighting,a1_original:composition,plcc,0.13770137486542802
a1_a2_matrix,a1_original:lighting,a1_original:appeal,plcc,0.16367153980772467
a1_a2_matrix,a1_original:lighting,a1_original:lighting,plcc,0.9999999999999999
a1_a2_matrix,a1_original:lighting,a1_original:text_readability,plcc,0.19867613127709413
a1_a2_matrix,a1_original:lighting,a1_original:professional,plcc,0.22138146695931105
a1_a2_matrix,a1_original:lighting,a2_domain_semantic:composition,plcc,0.20181235796315192
a1_a2_matrix,a1_original:lighting,a2_domain_semantic:color_harmony,plcc,0.08627164155573751
a1_a2_matrix,a1_original:lighting,a2_domain_semantic:lighting,plcc,0.4469334524959576
a1_a2_matrix,a1_original:lighting,a2_domain_semantic:visual_hierarchy,plcc,0.1545886382086897
a1_a2_matrix,a1_original:lighting,a2_domain_semantic:visual_presentation,plcc,0.23510513277388934
a1_a2_matrix,a1_original:lighting,a2_domain_semantic:visual_refinement,plcc,0.13125760993204738
a1_a2_matrix,a1_original:lighting,a2_domain_semantic:visual_appeal,plcc,0.09076748430110776
a1_a2_matrix,a1_original:text_readability,a1_original:clarity,plcc,0.23476356449523483
a1_a2_matrix,a1_original:text_readability,a1_original:cleanliness,plcc,0.4483720163089418
a1_a2_matrix,a1_original:text_readability,a1_original:composition,plcc,-0.03631934334996218
a1_a2_matrix,a1_original:text_readability,a1_original:appeal,plcc,0.13132693457397118
a1_a2_matrix,a1_original:text_readability,a1_original:lighting,plcc,0.1986761312770941
a1_a2_matrix,a1_original:text_readability,a1_original:text_readability,plcc,1.0
a1_a2_matrix,a1_original:text_readability,a1_original:professional,plcc,0.3143894909462857
a1_a2_matrix,a1_original:text_readability,a2_domain_semantic:composition,plcc,0.3921537343827038
a1_a2_matrix,a1_original:text_readability,a2_domain_semantic:color_harmony,plcc,0.31408014111859156
a1_a2_matrix,a1_original:text_readability,a2_domain_semantic:lighting,plcc,0.4356898604568377
a1_a2_matrix,a1_original:text_readability,a2_domain_semantic:visual_hierarchy,plcc,0.24776366268865757
a1_a2_matrix,a1_original:text_readability,a2_domain_semantic:visual_presentation,plcc,0.16795971975543977
a1_a2_matrix,a1_original:text_readability,a2_domain_semantic:visual_refinement,plcc,0.4180233673943279
a1_a2_matrix,a1_original:text_readability,a2_domain_semantic:visual_appeal,plcc,0.2633858842608781
a1_a2_matrix,a1_original:professional,a1_original:clarity,plcc,0.1815809382280091
a1_a2_matrix,a1_original:professional,a1_original:cleanliness,plcc,0.2939768468678019
a1_a2_matrix,a1_original:professional,a1_original:composition,plcc,-0.24909862517085393
a1_a2_matrix,a1_original:professional,a1_original:appeal,plcc,0.15133310050667365
a1_a2_matrix,a1_original:professional,a1_original:lighting,plcc,0.221381466959311
a1_a2_matrix,a1_original:professional,a1_original:text_readability,plcc,0.3143894909462857
a1_a2_matrix,a1_original:professional,a1_original:professional,plcc,1.0
a1_a2_matrix,a1_original:professional,a2_domain_semantic:composition,plcc,0.4997754569864454
a1_a2_matrix,a1_original:professional,a2_domain_semantic:color_harmony,plcc,0.23071984422868733
a1_a2_matrix,a1_original:professional,a2_domain_semantic:lighting,plcc,0.32782619643996547
a1_a2_matrix,a1_original:professional,a2_domain_semantic:visual_hierarchy,plcc,0.16393549036887836
a1_a2_matrix,a1_original:professional,a2_domain_semantic:visual_presentation,plcc,0.25994742007195465
a1_a2_matrix,a1_original:professional,a2_domain_semantic:visual_refinement,plcc,0.2985883413088252
a1_a2_matrix,a1_original:professional,a2_domain_semantic:visual_appeal,plcc,0.27416201651845956
a1_a2_matrix,a2_domain_semantic:composition,a1_original:clarity,plcc,0.23259306111575803
a1_a2_matrix,a2_domain_semantic:composition,a1_original:cleanliness,plcc,0.36687317360812866
a1_a2_matrix,a2_domain_semantic:composition,a1_original:composition,plcc,-0.19954859114187512
a1_a2_matrix,a2_domain_semantic:composition,a1_original:appeal,plcc,0.4323102062998712
a1_a2_matrix,a2_domain_semantic:composition,a1_original:lighting,plcc,0.20181235796315197
a1_a2_matrix,a2_domain_semantic:composition,a1_original:text_readability,plcc,0.3921537343827038
a1_a2_matrix,a2_domain_semantic:composition,a1_original:professional,plcc,0.49977545698644527
a1_a2_matrix,a2_domain_semantic:composition,a2_domain_semantic:composition,plcc,0.9999999999999999
a1_a2_matrix,a2_domain_semantic:composition,a2_domain_semantic:color_harmony,plcc,0.29841083798200607
a1_a2_matrix,a2_domain_semantic:composition,a2_domain_semantic:lighting,plcc,0.584082057766578
a1_a2_matrix,a2_domain_semantic:composition,a2_domain_semantic:visual_hierarchy,plcc,0.37504696313854863
a1_a2_matrix,a2_domain_semantic:composition,a2_domain_semantic:visual_presentation,plcc,0.3917675843029983
a1_a2_matrix,a2_domain_semantic:composition,a2_domain_semantic:visual_refinement,plcc,0.6701497663816772
a1_a2_matrix,a2_domain_semantic:composition,a2_domain_semantic:visual_appeal,plcc,0.5116973939045637
a1_a2_matrix,a2_domain_semantic:color_harmony,a1_original:clarity,plcc,0.0938423770015644
a1_a2_matrix,a2_domain_semantic:color_harmony,a1_original:cleanliness,plcc,0.31376616888882125
a1_a2_matrix,a2_domain_semantic:color_harmony,a1_original:composition,plcc,-0.2812746146542153
a1_a2_matrix,a2_domain_semantic:color_harmony,a1_original:appeal,plcc,0.35185893525796447
a1_a2_matrix,a2_domain_semantic:color_harmony,a1_original:lighting,plcc,0.08627164155573747
a1_a2_matrix,a2_domain_semantic:color_harmony,a1_original:text_readability,plcc,0.31408014111859156
a1_a2_matrix,a2_domain_semantic:color_harmony,a1_original:professional,plcc,0.23071984422868733
a1_a2_matrix,a2_domain_semantic:color_harmony,a2_domain_semantic:composition,plcc,0.2984108379820061
a1_a2_matrix,a2_domain_semantic:color_harmony,a2_domain_semantic:color_harmony,plcc,0.9999999999999997
a1_a2_matrix,a2_domain_semantic:color_harmony,a2_domain_semantic:lighting,plcc,0.624462495779687
a1_a2_matrix,a2_domain_semantic:color_harmony,a2_domain_semantic:visual_hierarchy,plcc,0.7968760051283915
a1_a2_matrix,a2_domain_semantic:color_harmony,a2_domain_semantic:visual_presentation,plcc,0.6158561072103238
a1_a2_matrix,a2_domain_semantic:color_harmony,a2_domain_semantic:visual_refinement,plcc,0.48081372029342495
a1_a2_matrix,a2_domain_semantic:color_harmony,a2_domain_semantic:visual_appeal,plcc,0.7055005494162058
a1_a2_matrix,a2_domain_semantic:lighting,a1_original:clarity,plcc,0.2844579649448023
a1_a2_matrix,a2_domain_semantic:lighting,a1_original:cleanliness,plcc,0.3552341401763374
a1_a2_matrix,a2_domain_semantic:lighting,a1_original:composition,plcc,-0.17491569732908088
a1_a2_matrix,a2_domain_semantic:lighting,a1_original:appeal,plcc,0.5630854495620992
a1_a2_matrix,a2_domain_semantic:lighting,a1_original:lighting,plcc,0.4469334524959576
a1_a2_matrix,a2_domain_semantic:lighting,a1_original:text_readability,plcc,0.4356898604568377
a1_a2_matrix,a2_domain_semantic:lighting,a1_original:professional,plcc,0.3278261964399654
a1_a2_matrix,a2_domain_semantic:lighting,a2_domain_semantic:composition,plcc,0.584082057766578
a1_a2_matrix,a2_domain_semantic:lighting,a2_domain_semantic:color_harmony,plcc,0.624462495779687
a1_a2_matrix,a2_domain_semantic:lighting,a2_domain_semantic:lighting,plcc,0.9999999999999998
a1_a2_matrix,a2_domain_semantic:lighting,a2_domain_semantic:visual_hierarchy,plcc,0.6491943144378342
a1_a2_matrix,a2_domain_semantic:lighting,a2_domain_semantic:visual_presentation,plcc,0.4397073861236564
a1_a2_matrix,a2_domain_semantic:lighting,a2_domain_semantic:visual_refinement,plcc,0.6026720563217336
a1_a2_matrix,a2_domain_semantic:lighting,a2_domain_semantic:visual_appeal,plcc,0.683467351270395
a1_a2_matrix,a2_domain_semantic:visual_hierarchy,a1_original:clarity,plcc,0.11394530299390884
a1_a2_matrix,a2_domain_semantic:visual_hierarchy,a1_original:cleanliness,plcc,0.23314274247403904
a1_a2_matrix,a2_domain_semantic:visual_hierarchy,a1_original:composition,plcc,-0.08356157223880538
a1_a2_matrix,a2_domain_semantic:visual_hierarchy,a1_original:appeal,plcc,0.21480799645351586
a1_a2_matrix,a2_domain_semantic:visual_hierarchy,a1_original:lighting,plcc,0.15458863820868968
a1_a2_matrix,a2_domain_semantic:visual_hierarchy,a1_original:text_readability,plcc,0.24776366268865757
a1_a2_matrix,a2_domain_semantic:visual_hierarchy,a1_original:professional,plcc,0.16393549036887836
a1_a2_matrix,a2_domain_semantic:visual_hierarchy,a2_domain_semantic:composition,plcc,0.37504696313854863
a1_a2_matrix,a2_domain_semantic:visual_hierarchy,a2_domain_semantic:color_harmony,plcc,0.7968760051283914
a1_a2_matrix,a2_domain_semantic:visual_hierarchy,a2_domain_semantic:lighting,plcc,0.6491943144378342
a1_a2_matrix,a2_domain_semantic:visual_hierarchy,a2_domain_semantic:visual_hierarchy,plcc,1.0
a1_a2_matrix,a2_domain_semantic:visual_hierarchy,a2_domain_semantic:visual_presentation,plcc,0.6505355175868639
a1_a2_matrix,a2_domain_semantic:visual_hierarchy,a2_domain_semantic:visual_refinement,plcc,0.5749171622232284
a1_a2_matrix,a2_domain_semantic:visual_hierarchy,a2_domain_semantic:visual_appeal,plcc,0.6161059110657984
a1_a2_matrix,a2_domain_semantic:visual_presentation,a1_original:clarity,plcc,-0.21152520306467143
a1_a2_matrix,a2_domain_semantic:visual_presentation,a1_original:cleanliness,plcc,-0.13413694950814892
a1_a2_matrix,a2_domain_semantic:visual_presentation,a1_original:composition,plcc,-0.16409652481921938
a1_a2_matrix,a2_domain_semantic:visual_presentation,a1_original:appeal,plcc,0.02895825133852112
a1_a2_matrix,a2_domain_semantic:visual_presentation,a1_original:lighting,plcc,0.23510513277388936
a1_a2_matrix,a2_domain_semantic:visual_presentation,a1_original:text_readability,plcc,0.16795971975543977
a1_a2_matrix,a2_domain_semantic:visual_presentation,a1_original:professional,plcc,0.25994742007195465
a1_a2_matrix,a2_domain_semantic:visual_presentation,a2_domain_semantic:composition,plcc,0.39176758430299835
a1_a2_matrix,a2_domain_semantic:visual_presentation,a2_domain_semantic:color_harmony,plcc,0.6158561072103238
a1_a2_matrix,a2_domain_semantic:visual_presentation,a2_domain_semantic:lighting,plcc,0.4397073861236564
a1_a2_matrix,a2_domain_semantic:visual_presentation,a2_domain_semantic:visual_hierarchy,plcc,0.6505355175868639
a1_a2_matrix,a2_domain_semantic:visual_presentation,a2_domain_semantic:visual_presentation,plcc,1.0
a1_a2_matrix,a2_domain_semantic:visual_presentation,a2_domain_semantic:visual_refinement,plcc,0.2530861606090342
a1_a2_matrix,a2_domain_semantic:visual_presentation,a2_domain_semantic:visual_appeal,plcc,0.4290013048473374
a1_a2_matrix,a2_domain_semantic:visual_refinement,a1_original:clarity,plcc,0.30691452158521604
a1_a2_matrix,a2_domain_semantic:visual_refinement,a1_original:cleanliness,plcc,0.6495477433644158
a1_a2_matrix,a2_domain_semantic:visual_refinement,a1_original:composition,plcc,-0.25832375147274855
a1_a2_matrix,a2_domain_semantic:visual_refinement,a1_original:appeal,plcc,0.47128078037682614
a1_a2_matrix,a2_domain_semantic:visual_refinement,a1_original:lighting,plcc,0.13125760993204738
a1_a2_matrix,a2_domain_semantic:visual_refinement,a1_original:text_readability,plcc,0.41802336739432777
a1_a2_matrix,a2_domain_semantic:visual_refinement,a1_original:professional,plcc,0.2985883413088252
a1_a2_matrix,a2_domain_semantic:visual_refinement,a2_domain_semantic:composition,plcc,0.6701497663816772
a1_a2_matrix,a2_domain_semantic:visual_refinement,a2_domain_semantic:color_harmony,plcc,0.48081372029342484
a1_a2_matrix,a2_domain_semantic:visual_refinement,a2_domain_semantic:lighting,plcc,0.6026720563217336
a1_a2_matrix,a2_domain_semantic:visual_refinement,a2_domain_semantic:visual_hierarchy,plcc,0.5749171622232284
a1_a2_matrix,a2_domain_semantic:visual_refinement,a2_domain_semantic:visual_presentation,plcc,0.2530861606090342
a1_a2_matrix,a2_domain_semantic:visual_refinement,a2_domain_semantic:visual_refinement,plcc,1.0
a1_a2_matrix,a2_domain_semantic:visual_refinement,a2_domain_semantic:visual_appeal,plcc,0.5625438630264056
a1_a2_matrix,a2_domain_semantic:visual_appeal,a1_original:clarity,plcc,0.1055826560024181
a1_a2_matrix,a2_domain_semantic:visual_appeal,a1_original:cleanliness,plcc,0.35138715223072164
a1_a2_matrix,a2_domain_semantic:visual_appeal,a1_original:composition,plcc,-0.37370755946184187
a1_a2_matrix,a2_domain_semantic:visual_appeal,a1_original:appeal,plcc,0.5650108205811866
a1_a2_matrix,a2_domain_semantic:visual_appeal,a1_original:lighting,plcc,0.09076748430110779
a1_a2_matrix,a2_domain_semantic:visual_appeal,a1_original:text_readability,plcc,0.2633858842608781
a1_a2_matrix,a2_domain_semantic:visual_appeal,a1_original:professional,plcc,0.27416201651845956
a1_a2_matrix,a2_domain_semantic:visual_appeal,a2_domain_semantic:composition,plcc,0.5116973939045636
a1_a2_matrix,a2_domain_semantic:visual_appeal,a2_domain_semantic:color_harmony,plcc,0.7055005494162058
a1_a2_matrix,a2_domain_semantic:visual_appeal,a2_domain_semantic:lighting,plcc,0.683467351270395
a1_a2_matrix,a2_domain_semantic:visual_appeal,a2_domain_semantic:visual_hierarchy,plcc,0.6161059110657984
a1_a2_matrix,a2_domain_semantic:visual_appeal,a2_domain_semantic:visual_presentation,plcc,0.4290013048473374
a1_a2_matrix,a2_domain_semantic:visual_appeal,a2_domain_semantic:visual_refinement,plcc,0.5625438630264056
a1_a2_matrix,a2_domain_semantic:visual_appeal,a2_domain_semantic:visual_appeal,plcc,1.0
dimension_vs_aes_target,a1_original:clarity,aes_target,srcc,-0.11477733570775527
dimension_vs_aes_target,a1_original:clarity,aes_target,plcc,-0.10956441178602709
dimension_vs_technical_score,a1_original:clarity,a1_original:s_tech,srcc,-0.053207920728503805
dimension_vs_aes_target,a1_original:cleanliness,aes_target,srcc,0.08065989988446878
dimension_vs_aes_target,a1_original:cleanliness,aes_target,plcc,0.09842285397164492
dimension_vs_technical_score,a1_original:cleanliness,a1_original:s_tech,srcc,0.3110830218993804
dimension_vs_aes_target,a1_original:composition,aes_target,srcc,-0.13675091415065355
dimension_vs_aes_target,a1_original:composition,aes_target,plcc,-0.15377889957669247
dimension_vs_technical_score,a1_original:composition,a1_original:s_tech,srcc,-0.4240375205367246
dimension_vs_aes_target,a1_original:appeal,aes_target,srcc,-0.043233376257061376
dimension_vs_aes_target,a1_original:appeal,aes_target,plcc,-0.02067563147360833
dimension_vs_technical_score,a1_original:appeal,a1_original:s_tech,srcc,0.29986634271735974
dimension_vs_aes_target,a1_original:lighting,aes_target,srcc,-0.3022417424003074
dimension_vs_aes_target,a1_original:lighting,aes_target,plcc,-0.2330950940955153
dimension_vs_technical_score,a1_original:lighting,a1_original:s_tech,srcc,-0.09349531233734786
dimension_vs_aes_target,a1_original:text_readability,aes_target,srcc,-0.19116443943269187
dimension_vs_aes_target,a1_original:text_readability,aes_target,plcc,-0.17503598558887332
dimension_vs_technical_score,a1_original:text_readability,a1_original:s_tech,srcc,0.13457907762412658
dimension_vs_aes_target,a1_original:professional,aes_target,srcc,-0.07855860558220186
dimension_vs_aes_target,a1_original:professional,aes_target,plcc,-0.0976507728905877
dimension_vs_technical_score,a1_original:professional,a1_original:s_tech,srcc,0.399737523922441
dimension_vs_aes_target,a2_domain_semantic:composition,aes_target,srcc,-0.073884722214541
dimension_vs_aes_target,a2_domain_semantic:composition,aes_target,plcc,-0.07355537824819225
dimension_vs_technical_score,a2_domain_semantic:composition,a2_domain_semantic:s_tech,srcc,0.5195269611262795
dimension_vs_aes_target,a2_domain_semantic:color_harmony,aes_target,srcc,0.09186485589390742
dimension_vs_aes_target,a2_domain_semantic:color_harmony,aes_target,plcc,0.04888626649426083
dimension_vs_technical_score,a2_domain_semantic:color_harmony,a2_domain_semantic:s_tech,srcc,0.20356083947228137
dimension_vs_aes_target,a2_domain_semantic:lighting,aes_target,srcc,-0.03298844733475641
dimension_vs_aes_target,a2_domain_semantic:lighting,aes_target,plcc,-0.10398308249439112
dimension_vs_technical_score,a2_domain_semantic:lighting,a2_domain_semantic:s_tech,srcc,0.2776377797880906
dimension_vs_aes_target,a2_domain_semantic:visual_hierarchy,aes_target,srcc,0.038060345854684305
dimension_vs_aes_target,a2_domain_semantic:visual_hierarchy,aes_target,plcc,-0.0278609086344577
dimension_vs_technical_score,a2_domain_semantic:visual_hierarchy,a2_domain_semantic:s_tech,srcc,0.24108215302299746
dimension_vs_aes_target,a2_domain_semantic:visual_presentation,aes_target,srcc,-0.06744798689106749
dimension_vs_aes_target,a2_domain_semantic:visual_presentation,aes_target,plcc,-0.08845547887696012
dimension_vs_technical_score,a2_domain_semantic:visual_presentation,a2_domain_semantic:s_tech,srcc,0.14334634967490678
dimension_vs_aes_target,a2_domain_semantic:visual_refinement,aes_target,srcc,-0.008121633547394024
dimension_vs_aes_target,a2_domain_semantic:visual_refinement,aes_target,plcc,0.0015638201771752062
dimension_vs_technical_score,a2_domain_semantic:visual_refinement,a2_domain_semantic:s_tech,srcc,0.49560897907753604
dimension_vs_aes_target,a2_domain_semantic:visual_appeal,aes_target,srcc,0.04413961417822448
dimension_vs_aes_target,a2_domain_semantic:visual_appeal,aes_target,plcc,0.030172487265042923
dimension_vs_technical_score,a2_domain_semantic:visual_appeal,a2_domain_semantic:s_tech,srcc,0.46181924297960697
