video_id,a1_7d,a2_7d,aes_target
7629782677985529088,"[0.0198822021484375, 0.031890869140625, -0.01392364501953125, -0.034515380859375, -0.0096282958984375, 0.017669677734375, 0.04937744140625]","[0.00426483154296875, 0.006473541259765625, -0.005367279052734375, -0.00710296630859375, 0.01403045654296875, -0.01116180419921875, -0.01152801513671875]",0.8
7629950241671875890,"[0.033905029296875, 0.0084228515625, 0.0038814544677734375, -0.0533447265625, -0.031829833984375, 0.0031719207763671875, 0.009002685546875]","[-0.0109710693359375, -0.0204315185546875, -0.0462646484375, -0.02166748046875, 0.0019254684448242188, -0.034698486328125, -0.035247802734375]",0.8
7629966006010332123,"[0.00983428955078125, 0.027313232421875, -0.01202392578125, -0.031646728515625, -0.0228271484375, 0.019256591796875, 0.0206298828125]","[-0.00943756103515625, 0.01117706298828125, -0.0004210472106933594, 0.00618743896484375, 0.026092529296875, -0.022674560546875, -0.00640106201171875]",0.2
7630798539462937871,"[0.02239990234375, 0.02813720703125, -0.011199951171875, -0.0271453857421875, -0.035797119140625, 0.011016845703125, 0.04864501953125]","[0.01143646240234375, -0.00539398193359375, -0.020660400390625, -0.00946044921875, 0.0201873779296875, -0.01568603515625, -0.0134124755859375]",0.0
7632627728918777114,"[0.039093017578125, 0.019683837890625, -0.007434844970703125, -0.026947021484375, -0.029449462890625, 0.0030078887939453125, 0.00601959228515625]","[0.01239776611328125, -0.00443267822265625, 0.0022487640380859375, 0.007110595703125, 0.0277099609375, -0.01259613037109375, -0.001678466796875]",0.2
7641171102512794930,"[0.0122528076171875, 0.0251007080078125, -0.00971221923828125, -0.0526123046875, -0.031982421875, 0.0115203857421875, 0.03863525390625]","[0.004383087158203125, -0.007568359375, -0.0253448486328125, -0.00632476806640625, 0.0167388916015625, -0.026885986328125, -0.0169219970703125]",0.6
7641195963779927315,"[0.0291748046875, 0.0243988037109375, -0.00426483154296875, -0.036865234375, -0.0189208984375, 0.0152740478515625, 0.0340576171875]","[0.01076507568359375, -0.00783538818359375, -0.01079559326171875, 0.00415802001953125, 0.027130126953125, -0.00782012939453125, -0.0061187744140625]",0.4
7642164998848007460,"[0.041748046875, 0.0197601318359375, 0.00738525390625, -0.04864501953125, -0.0262451171875, 0.0187835693359375, 0.052886962890625]","[0.00617218017578125, -0.0089569091796875, -0.0168304443359375, -0.012786865234375, 0.00872802734375, -0.029205322265625, -0.017486572265625]",0.4
7643081704415989026,"[0.044769287109375, 0.072509765625, 0.003932952880859375, -0.0533447265625, -0.057708740234375, 0.0157470703125, 0.045257568359375]","[0.005718231201171875, 0.003597259521484375, -0.0137176513671875, 0.00989532470703125, 0.0201416015625, 0.0061187744140625, -0.004169464111328125]",0.4
7643395968540478747,"[0.0249481201171875, 0.0292510986328125, -0.0051727294921875, -0.0306854248046875, -0.05462646484375, 0.004669189453125, 0.017578125]","[-0.003643035888671875, -0.003936767578125, -0.0259857177734375, -0.01125335693359375, 0.005741119384765625, -0.0290069580078125, -0.023712158203125]",1.0
7646006827036986665,"[0.031463623046875, 0.0285186767578125, 0.00693511962890625, -0.05816650390625, -0.03936767578125, 0.006072998046875, 0.0176239013671875]","[-0.0102996826171875, -0.0193328857421875, -0.042572021484375, -0.02490234375, 0.0019254684448242188, -0.0377197265625, -0.032562255859375]",0.6
7647300281810561265,"[0.036834716796875, 0.04620361328125, -0.01335906982421875, -0.0287017822265625, -0.0391845703125, 0.011749267578125, 0.0211334228515625]","[0.004901885986328125, 0.0038089752197265625, -0.0100860595703125, -0.00482177734375, 0.0158843994140625, -0.00746917724609375, -0.003814697265625]",1.0
7647835923022908715,"[-0.003753662109375, 0.025604248046875, -0.0121002197265625, -0.0305023193359375, -0.029541015625, 0.008209228515625, 0.03729248046875]","[-0.003513336181640625, -0.0006623268127441406, -0.0160980224609375, 0.004913330078125, 0.0169219970703125, -0.01666259765625, -0.01195526123046875]",0.4
7648198829954714886,"[0.024505615234375, 0.0213623046875, -0.0094757080078125, -0.0338134765625, -0.0531005859375, 0.003070831298828125, 0.026947021484375]","[-0.0013885498046875, -0.00992584228515625, -0.0212249755859375, -0.01055908203125, 0.01474761962890625, -0.027130126953125, -0.0211944580078125]",0.6
7648886376573799716,"[0.0242767333984375, 0.029998779296875, -0.003337860107421875, -0.036102294921875, -0.0526123046875, 0.013214111328125, 0.0131072998046875]","[0.003406524658203125, -0.0130767822265625, -0.0215606689453125, -0.005939483642578125, 0.01097869873046875, -0.013519287109375, -0.01470947265625]",0.6
7648918228026118565,"[0.02978515625, 0.0228271484375, 0.011749267578125, -0.00933837890625, -0.03826904296875, 0.01068878173828125, 0.044921875]","[0.003173828125, -0.004245758056640625, -0.014007568359375, -0.0088958740234375, 0.0096893310546875, -0.0257110595703125, -0.0083465576171875]",0.6
7651588380781727019,"[0.0288238525390625, 0.045166015625, -0.00922393798828125, -0.0335693359375, -0.04095458984375, 0.01151275634765625, 0.0443115234375]","[0.0095672607421875, 0.0003845691680908203, -0.0186309814453125, -0.002346038818359375, 0.0149078369140625, -0.006988525390625, -0.01032257080078125]",0.8
7655644164004089107,"[0.03997802734375, 0.0296478271484375, 0.0041351318359375, -0.03253173828125, -0.037353515625, 0.0012617111206054688, 0.0162811279296875]","[-0.004058837890625, -0.0127716064453125, -0.033966064453125, -0.0209197998046875, -0.00513458251953125, -0.028656005859375, -0.02215576171875]",0.4
7655644343620881698,"[0.01715087890625, 0.034271240234375, 0.0011196136474609375, -0.086181640625, -0.049835205078125, 0.00952911376953125, 0.008636474609375]","[-0.00429534912109375, -0.025970458984375, -0.0299224853515625, -0.007213592529296875, 0.003986358642578125, -0.01071929931640625, -0.0284271240234375]",0.6
7658261394076273958,"[0.038482666015625, 0.04705810546875, -0.016387939453125, -0.036376953125, -0.049591064453125, 0.01331329345703125, 0.030487060546875]","[0.00955963134765625, 0.003902435302734375, -0.01059722900390625, 4.273653030395508e-05, 0.0135650634765625, -0.008209228515625, -0.003284454345703125]",0.4
